run_name,n,depth,best_error,expr,nodes,dps,runtime_seconds
beam_sweep_n13_d4_nodes30_beam10000,13,0,3.935898654328085e-05,(85/96),1,80,176.488
beam_sweep_n13_d4_nodes30_beam10000,13,1,1.8833553026009753e-06,(sqrt((117/133)) * sqrt((336/377))),5,80,176.488
beam_sweep_n13_d4_nodes30_beam10000,13,2,2.7553566095406268e-08,sqrt(((sqrt((1517/1728)) * sqrt((25/28))) * (sqrt((215/243)) * sqrt((39/44))))),12,80,176.488
beam_sweep_n13_d4_nodes30_beam10000,13,3,1.46693590608038e-09,(sqrt(sqrt(((sqrt((156/175)) * sqrt((51/58))) * (sqrt((448/507)) * sqrt((71/80)))))) * sqrt(sqrt(((sqrt((192/215)) * sqrt((640/729))) * (sqrt((455/512)) * sqrt((847/960))))))),27,80,176.488
beam_sweep_n13_d4_nodes30_beam10000,13,4,1.46693590608038e-09,(sqrt(sqrt(((sqrt((156/175)) * sqrt((51/58))) * (sqrt((448/507)) * sqrt((71/80)))))) * sqrt(sqrt(((sqrt((192/215)) * sqrt((640/729))) * (sqrt((455/512)) * sqrt((847/960))))))),27,80,176.488
beam_sweep_n13_d4_nodes30_beam2000,13,0,3.935898654328085e-05,(85/96),1,80,45.461
beam_sweep_n13_d4_nodes30_beam2000,13,1,1.8833553026009753e-06,(sqrt((117/133)) * sqrt((336/377))),5,80,45.461
beam_sweep_n13_d4_nodes30_beam2000,13,2,3.245207569335662e-08,(sqrt((sqrt((231/260)) * sqrt((847/960)))) * sqrt((sqrt((352/399)) * sqrt((8/9))))),13,80,45.461
beam_sweep_n13_d4_nodes30_beam2000,13,3,2.3389246095462113e-10,(sqrt((sqrt((sqrt((130/147)) * sqrt((180/203)))) * sqrt((sqrt((23/26)) * sqrt((288/325)))))) * sqrt((sqrt((sqrt((217/243)) * sqrt((36/41)))) * sqrt((sqrt((336/377)) * sqrt((95/108))))))),29,80,45.461
beam_sweep_n13_d4_nodes30_beam2000,13,4,2.3389246095462113e-10,(sqrt((sqrt((sqrt((130/147)) * sqrt((180/203)))) * sqrt((sqrt((23/26)) * sqrt((288/325)))))) * sqrt((sqrt((sqrt((217/243)) * sqrt((36/41)))) * sqrt((sqrt((336/377)) * sqrt((95/108))))))),29,80,45.461
beam_sweep_n13_d4_nodes30_beam20000,13,0,3.935898654328085e-05,(85/96),1,80,219.308
beam_sweep_n13_d4_nodes30_beam20000,13,1,1.8441262283896975e-06,(sqrt((156/121)) - (1/4)),4,80,219.308
beam_sweep_n13_d4_nodes30_beam20000,13,2,6.728832013802588e-08,(sqrt((sqrt((215/243)) * sqrt((319/360)))) * sqrt((sqrt((310/351)) * sqrt((87/98))))),13,80,219.308
beam_sweep_n13_d4_nodes30_beam20000,13,3,2.1025168717159204e-08,(sqrt((sqrt((sqrt((215/243)) * sqrt((319/360)))) * sqrt((sqrt((310/351)) * sqrt((87/98)))))) * sqrt((sqrt((sqrt((310/351)) * sqrt((87/98)))) * sqrt((sqrt((360/407)) * sqrt((39/44))))))),29,80,219.308
beam_sweep_n13_d4_nodes30_beam20000,13,4,2.1025168717159204e-08,(sqrt((sqrt((sqrt((215/243)) * sqrt((319/360)))) * sqrt((sqrt((310/351)) * sqrt((87/98)))))) * sqrt((sqrt((sqrt((310/351)) * sqrt((87/98)))) * sqrt((sqrt((360/407)) * sqrt((39/44))))))),29,80,219.308
beam_sweep_n13_d4_nodes30_beam5000,13,0,3.935898654328085e-05,(85/96),1,80,72.801
beam_sweep_n13_d4_nodes30_beam5000,13,1,1.8833553026009753e-06,(sqrt((117/133)) * sqrt((336/377))),5,80,72.801
beam_sweep_n13_d4_nodes30_beam5000,13,2,3.245207569335662e-08,(sqrt((sqrt((231/260)) * sqrt((847/960)))) * sqrt((sqrt((352/399)) * sqrt((8/9))))),13,80,72.801
beam_sweep_n13_d4_nodes30_beam5000,13,3,2.3389246095462113e-10,(sqrt((sqrt((sqrt((130/147)) * sqrt((180/203)))) * sqrt((sqrt((23/26)) * sqrt((288/325)))))) * sqrt((sqrt((sqrt((217/243)) * sqrt((36/41)))) * sqrt((sqrt((336/377)) * sqrt((95/108))))))),29,80,72.801
beam_sweep_n13_d4_nodes30_beam5000,13,4,2.3389246095462113e-10,(sqrt((sqrt((sqrt((130/147)) * sqrt((180/203)))) * sqrt((sqrt((23/26)) * sqrt((288/325)))))) * sqrt((sqrt((sqrt((217/243)) * sqrt((36/41)))) * sqrt((sqrt((336/377)) * sqrt((95/108))))))),29,80,72.801
depth_sweep_d2_nodes25_beam5000,7,0,0.00011317848211012116,(48/77),1,80,44.541
depth_sweep_d2_nodes25_beam5000,7,1,2.477057139405048e-07,(sqrt((18/29)) * sqrt((481/768))),5,80,44.541
depth_sweep_d2_nodes25_beam5000,7,2,3.3488137152204445e-08,(sqrt((sqrt((217/351)) * sqrt((256/407)))) * sqrt((sqrt((32/51)) * sqrt((96/155))))),13,80,44.541
depth_sweep_d2_nodes25_beam5000,11,0,1.6308438660073143e-05,(53/63),1,80,46.049
depth_sweep_d2_nodes25_beam5000,11,1,7.1841600004507455e-06,(sqrt((243/290)) * sqrt((288/341))),5,80,46.049
depth_sweep_d2_nodes25_beam5000,11,2,1.868219356992995e-08,(sqrt((sqrt((203/240)) * sqrt((405/484)))) * sqrt((sqrt((36/43)) * sqrt((71/84))))),13,80,46.049
depth_sweep_d2_nodes25_beam5000,13,0,3.935898654328085e-05,(85/96),1,80,45.669
depth_sweep_d2_nodes25_beam5000,13,1,1.8833553026009753e-06,(sqrt((117/133)) * sqrt((336/377))),5,80,45.669
depth_sweep_d2_nodes25_beam5000,13,2,3.245207569335662e-08,(sqrt((sqrt((231/260)) * sqrt((847/960)))) * sqrt((sqrt((352/399)) * sqrt((8/9))))),13,80,45.669
depth_sweep_d3_nodes25_beam5000,7,0,0.00011317848211012116,(48/77),1,80,65.059
depth_sweep_d3_nodes25_beam5000,7,1,2.477057139405048e-07,(sqrt((18/29)) * sqrt((481/768))),5,80,65.059
depth_sweep_d3_nodes25_beam5000,7,2,3.3488137152204445e-08,(sqrt((sqrt((217/351)) * sqrt((256/407)))) * sqrt((sqrt((32/51)) * sqrt((96/155))))),13,80,65.059
depth_sweep_d3_nodes25_beam5000,7,3,3.3488137152204445e-08,(sqrt((sqrt((217/351)) * sqrt((256/407)))) * sqrt((sqrt((32/51)) * sqrt((96/155))))),13,80,65.059
depth_sweep_d3_nodes25_beam5000,11,0,1.6308438660073143e-05,(53/63),1,80,61.134
depth_sweep_d3_nodes25_beam5000,11,1,7.1841600004507455e-06,(sqrt((243/290)) * sqrt((288/341))),5,80,61.134
depth_sweep_d3_nodes25_beam5000,11,2,1.868219356992995e-08,(sqrt((sqrt((203/240)) * sqrt((405/484)))) * sqrt((sqrt((36/43)) * sqrt((71/84))))),13,80,61.134
depth_sweep_d3_nodes25_beam5000,11,3,1.868219356992995e-08,(sqrt((sqrt((203/240)) * sqrt((405/484)))) * sqrt((sqrt((36/43)) * sqrt((71/84))))),13,80,61.134
depth_sweep_d3_nodes25_beam5000,13,0,3.935898654328085e-05,(85/96),1,80,62.219
depth_sweep_d3_nodes25_beam5000,13,1,1.8833553026009753e-06,(sqrt((117/133)) * sqrt((336/377))),5,80,62.219
depth_sweep_d3_nodes25_beam5000,13,2,3.245207569335662e-08,(sqrt((sqrt((231/260)) * sqrt((847/960)))) * sqrt((sqrt((352/399)) * sqrt((8/9))))),13,80,62.219
depth_sweep_d3_nodes25_beam5000,13,3,3.245207569335662e-08,(sqrt((sqrt((231/260)) * sqrt((847/960)))) * sqrt((sqrt((352/399)) * sqrt((8/9))))),13,80,62.219
depth_sweep_d4_nodes25_beam5000,7,0,0.00011317848211012116,(48/77),1,80,84.213
depth_sweep_d4_nodes25_beam5000,7,1,2.477057139405048e-07,(sqrt((18/29)) * sqrt((481/768))),5,80,84.213
depth_sweep_d4_nodes25_beam5000,7,2,3.3488137152204445e-08,(sqrt((sqrt((217/351)) * sqrt((256/407)))) * sqrt((sqrt((32/51)) * sqrt((96/155))))),13,80,84.213
depth_sweep_d4_nodes25_beam5000,7,3,3.3488137152204445e-08,(sqrt((sqrt((217/351)) * sqrt((256/407)))) * sqrt((sqrt((32/51)) * sqrt((96/155))))),13,80,84.213
depth_sweep_d4_nodes25_beam5000,7,4,3.3488137152204445e-08,(sqrt((sqrt((217/351)) * sqrt((256/407)))) * sqrt((sqrt((32/51)) * sqrt((96/155))))),13,80,84.213
depth_sweep_d4_nodes25_beam5000,11,0,1.6308438660073143e-05,(53/63),1,80,79.725
depth_sweep_d4_nodes25_beam5000,11,1,7.1841600004507455e-06,(sqrt((243/290)) * sqrt((288/341))),5,80,79.725
depth_sweep_d4_nodes25_beam5000,11,2,1.868219356992995e-08,(sqrt((sqrt((203/240)) * sqrt((405/484)))) * sqrt((sqrt((36/43)) * sqrt((71/84))))),13,80,79.725
depth_sweep_d4_nodes25_beam5000,11,3,1.868219356992995e-08,(sqrt((sqrt((203/240)) * sqrt((405/484)))) * sqrt((sqrt((36/43)) * sqrt((71/84))))),13,80,79.725
depth_sweep_d4_nodes25_beam5000,11,4,1.868219356992995e-08,(sqrt((sqrt((203/240)) * sqrt((405/484)))) * sqrt((sqrt((36/43)) * sqrt((71/84))))),13,80,79.725
depth_sweep_d4_nodes25_beam5000,13,0,3.935898654328085e-05,(85/96),1,80,79.289
depth_sweep_d4_nodes25_beam5000,13,1,1.8833553026009753e-06,(sqrt((117/133)) * sqrt((336/377))),5,80,79.289
depth_sweep_d4_nodes25_beam5000,13,2,3.245207569335662e-08,(sqrt((sqrt((231/260)) * sqrt((847/960)))) * sqrt((sqrt((352/399)) * sqrt((8/9))))),13,80,79.289
depth_sweep_d4_nodes25_beam5000,13,3,3.245207569335662e-08,(sqrt((sqrt((231/260)) * sqrt((847/960)))) * sqrt((sqrt((352/399)) * sqrt((8/9))))),13,80,79.289
depth_sweep_d4_nodes25_beam5000,13,4,3.245207569335662e-08,(sqrt((sqrt((231/260)) * sqrt((847/960)))) * sqrt((sqrt((352/399)) * sqrt((8/9))))),13,80,79.289
depth_sweep_d5_nodes25_beam5000,7,0,0.00011317848211012116,(48/77),1,80,104.571
depth_sweep_d5_nodes25_beam5000,7,1,2.477057139405048e-07,(sqrt((18/29)) * sqrt((481/768))),5,80,104.571
depth_sweep_d5_nodes25_beam5000,7,2,3.3488137152204445e-08,(sqrt((sqrt((217/351)) * sqrt((256/407)))) * sqrt((sqrt((32/51)) * sqrt((96/155))))),13,80,104.571
depth_sweep_d5_nodes25_beam5000,7,3,3.3488137152204445e-08,(sqrt((sqrt((217/351)) * sqrt((256/407)))) * sqrt((sqrt((32/51)) * sqrt((96/155))))),13,80,104.571
depth_sweep_d5_nodes25_beam5000,7,4,3.3488137152204445e-08,(sqrt((sqrt((217/351)) * sqrt((256/407)))) * sqrt((sqrt((32/51)) * sqrt((96/155))))),13,80,104.571
depth_sweep_d5_nodes25_beam5000,7,5,3.3488137152204445e-08,(sqrt((sqrt((217/351)) * sqrt((256/407)))) * sqrt((sqrt((32/51)) * sqrt((96/155))))),13,80,104.571
depth_sweep_d5_nodes25_beam5000,11,0,1.6308438660073143e-05,(53/63),1,80,96.722
depth_sweep_d5_nodes25_beam5000,11,1,7.1841600004507455e-06,(sqrt((243/290)) * sqrt((288/341))),5,80,96.722
depth_sweep_d5_nodes25_beam5000,11,2,1.868219356992995e-08,(sqrt((sqrt((203/240)) * sqrt((405/484)))) * sqrt((sqrt((36/43)) * sqrt((71/84))))),13,80,96.722
depth_sweep_d5_nodes25_beam5000,11,3,1.868219356992995e-08,(sqrt((sqrt((203/240)) * sqrt((405/484)))) * sqrt((sqrt((36/43)) * sqrt((71/84))))),13,80,96.722
depth_sweep_d5_nodes25_beam5000,11,4,1.868219356992995e-08,(sqrt((sqrt((203/240)) * sqrt((405/484)))) * sqrt((sqrt((36/43)) * sqrt((71/84))))),13,80,96.722
depth_sweep_d5_nodes25_beam5000,11,5,1.868219356992995e-08,(sqrt((sqrt((203/240)) * sqrt((405/484)))) * sqrt((sqrt((36/43)) * sqrt((71/84))))),13,80,96.722
depth_sweep_d5_nodes25_beam5000,13,0,3.935898654328085e-05,(85/96),1,80,94.117
depth_sweep_d5_nodes25_beam5000,13,1,1.8833553026009753e-06,(sqrt((117/133)) * sqrt((336/377))),5,80,94.117
depth_sweep_d5_nodes25_beam5000,13,2,3.245207569335662e-08,(sqrt((sqrt((231/260)) * sqrt((847/960)))) * sqrt((sqrt((352/399)) * sqrt((8/9))))),13,80,94.117
depth_sweep_d5_nodes25_beam5000,13,3,3.245207569335662e-08,(sqrt((sqrt((231/260)) * sqrt((847/960)))) * sqrt((sqrt((352/399)) * sqrt((8/9))))),13,80,94.117
depth_sweep_d5_nodes25_beam5000,13,4,3.245207569335662e-08,(sqrt((sqrt((231/260)) * sqrt((847/960)))) * sqrt((sqrt((352/399)) * sqrt((8/9))))),13,80,94.117
depth_sweep_d5_nodes25_beam5000,13,5,3.245207569335662e-08,(sqrt((sqrt((231/260)) * sqrt((847/960)))) * sqrt((sqrt((352/399)) * sqrt((8/9))))),13,80,94.117
depth_sweep_d6_nodes25_beam5000,7,0,0.00011317848211012116,(48/77),1,80,120.397
depth_sweep_d6_nodes25_beam5000,7,1,2.477057139405048e-07,(sqrt((18/29)) * sqrt((481/768))),5,80,120.397
depth_sweep_d6_nodes25_beam5000,7,2,3.3488137152204445e-08,(sqrt((sqrt((217/351)) * sqrt((256/407)))) * sqrt((sqrt((32/51)) * sqrt((96/155))))),13,80,120.397
depth_sweep_d6_nodes25_beam5000,7,3,3.3488137152204445e-08,(sqrt((sqrt((217/351)) * sqrt((256/407)))) * sqrt((sqrt((32/51)) * sqrt((96/155))))),13,80,120.397
depth_sweep_d6_nodes25_beam5000,7,4,3.3488137152204445e-08,(sqrt((sqrt((217/351)) * sqrt((256/407)))) * sqrt((sqrt((32/51)) * sqrt((96/155))))),13,80,120.397
depth_sweep_d6_nodes25_beam5000,7,5,3.3488137152204445e-08,(sqrt((sqrt((217/351)) * sqrt((256/407)))) * sqrt((sqrt((32/51)) * sqrt((96/155))))),13,80,120.397
depth_sweep_d6_nodes25_beam5000,7,6,3.3488137152204445e-08,(sqrt((sqrt((217/351)) * sqrt((256/407)))) * sqrt((sqrt((32/51)) * sqrt((96/155))))),13,80,120.397
depth_sweep_d6_nodes25_beam5000,11,0,1.6308438660073143e-05,(53/63),1,80,116.058
depth_sweep_d6_nodes25_beam5000,11,1,7.1841600004507455e-06,(sqrt((243/290)) * sqrt((288/341))),5,80,116.058
depth_sweep_d6_nodes25_beam5000,11,2,1.868219356992995e-08,(sqrt((sqrt((203/240)) * sqrt((405/484)))) * sqrt((sqrt((36/43)) * sqrt((71/84))))),13,80,116.058
depth_sweep_d6_nodes25_beam5000,11,3,1.868219356992995e-08,(sqrt((sqrt((203/240)) * sqrt((405/484)))) * sqrt((sqrt((36/43)) * sqrt((71/84))))),13,80,116.058
depth_sweep_d6_nodes25_beam5000,11,4,1.868219356992995e-08,(sqrt((sqrt((203/240)) * sqrt((405/484)))) * sqrt((sqrt((36/43)) * sqrt((71/84))))),13,80,116.058
depth_sweep_d6_nodes25_beam5000,11,5,1.868219356992995e-08,(sqrt((sqrt((203/240)) * sqrt((405/484)))) * sqrt((sqrt((36/43)) * sqrt((71/84))))),13,80,116.058
depth_sweep_d6_nodes25_beam5000,11,6,1.868219356992995e-08,(sqrt((sqrt((203/240)) * sqrt((405/484)))) * sqrt((sqrt((36/43)) * sqrt((71/84))))),13,80,116.058
depth_sweep_d6_nodes25_beam5000,13,0,3.935898654328085e-05,(85/96),1,80,107.87
depth_sweep_d6_nodes25_beam5000,13,1,1.8833553026009753e-06,(sqrt((117/133)) * sqrt((336/377))),5,80,107.87
depth_sweep_d6_nodes25_beam5000,13,2,3.245207569335662e-08,(sqrt((sqrt((231/260)) * sqrt((847/960)))) * sqrt((sqrt((352/399)) * sqrt((8/9))))),13,80,107.87
depth_sweep_d6_nodes25_beam5000,13,3,3.245207569335662e-08,(sqrt((sqrt((231/260)) * sqrt((847/960)))) * sqrt((sqrt((352/399)) * sqrt((8/9))))),13,80,107.87
depth_sweep_d6_nodes25_beam5000,13,4,3.245207569335662e-08,(sqrt((sqrt((231/260)) * sqrt((847/960)))) * sqrt((sqrt((352/399)) * sqrt((8/9))))),13,80,107.87
depth_sweep_d6_nodes25_beam5000,13,5,3.245207569335662e-08,(sqrt((sqrt((231/260)) * sqrt((847/960)))) * sqrt((sqrt((352/399)) * sqrt((8/9))))),13,80,107.87
depth_sweep_d6_nodes25_beam5000,13,6,3.245207569335662e-08,(sqrt((sqrt((231/260)) * sqrt((847/960)))) * sqrt((sqrt((352/399)) * sqrt((8/9))))),13,80,107.87
expanded_consts_d4_nodes30_beam10000,7,0,1.4192102635868231e-05,(409/656),1,80,275.085
expanded_consts_d4_nodes30_beam10000,7,1,7.95085007831986e-08,(sqrt((1597/2560)) * sqrt((1728/2773))),5,80,275.085
expanded_consts_d4_nodes30_beam10000,7,2,8.14159850648366e-10,(sqrt((sqrt((101/162)) * sqrt((53/85)))) * sqrt((sqrt((1435/2304)) * sqrt((729/1168))))),13,80,275.085
expanded_consts_d4_nodes30_beam10000,7,3,9.184486504665301e-11,(sqrt((sqrt((sqrt((157/252)) * sqrt((599/960)))) * sqrt((sqrt((479/768)) * sqrt((91/146)))))) * sqrt((sqrt((sqrt((3645/5849)) * sqrt((519/832)))) * sqrt((sqrt((389/624)) * sqrt((5051/8100))))))),29,80,275.085
expanded_consts_d4_nodes30_beam10000,7,4,9.184486504665301e-11,(sqrt((sqrt((sqrt((157/252)) * sqrt((599/960)))) * sqrt((sqrt((479/768)) * sqrt((91/146)))))) * sqrt((sqrt((sqrt((3645/5849)) * sqrt((519/832)))) * sqrt((sqrt((389/624)) * sqrt((5051/8100))))))),29,80,275.085
expanded_consts_d4_nodes30_beam10000,11,0,1.6308438660073143e-05,(53/63),1,80,204.695
expanded_consts_d4_nodes30_beam10000,11,1,2.452753000703467e-09,(sqrt((164/195)) * sqrt((568/675))),5,80,204.695
expanded_consts_d4_nodes30_beam10000,11,2,8.890603808708875e-10,(sqrt((sqrt((101/120)) * sqrt((1453/1728)))) * sqrt((sqrt((1280/1523)) * sqrt((741/880))))),13,80,204.695
expanded_consts_d4_nodes30_beam10000,11,3,8.489042802040103e-11,(sqrt((sqrt((sqrt((1953/2320)) * sqrt((512/609)))) * sqrt((sqrt((53/63)) * sqrt((694/825)))))) * sqrt((sqrt((sqrt((568/675)) * sqrt((767/912)))) * sqrt((sqrt((613/729)) * sqrt((675/802))))))),29,80,204.695
expanded_consts_d4_nodes30_beam10000,11,4,8.489042802040103e-11,(sqrt((sqrt((sqrt((1953/2320)) * sqrt((512/609)))) * sqrt((sqrt((53/63)) * sqrt((694/825)))))) * sqrt((sqrt((sqrt((568/675)) * sqrt((767/912)))) * sqrt((sqrt((613/729)) * sqrt((675/802))))))),29,80,204.695
expanded_consts_d4_nodes30_beam10000,13,0,3.5079544717930844e-06,(1291/1458),1,80,287.086
expanded_consts_d4_nodes30_beam10000,13,1,7.861928141839059e-08,(sqrt((192/217)) * sqrt((2560/2889))),5,80,287.086
expanded_consts_d4_nodes30_beam10000,13,2,4.4614921757002435e-09,(sqrt((sqrt((1161/1312)) * sqrt((1531/1728)))) * sqrt((sqrt((1891/2136)) * sqrt((271/306))))),13,80,287.086
expanded_consts_d4_nodes30_beam10000,13,3,3.679823112889835e-11,(sqrt((sqrt((sqrt((1147/1296)) * sqrt((295/333)))) * sqrt((sqrt((4589/5184)) * sqrt((829/936)))))) * sqrt((sqrt((sqrt((1169/1320)) * sqrt((1891/2136)))) * sqrt((sqrt((215/243)) * sqrt((646/729))))))),29,80,287.086
expanded_consts_d4_nodes30_beam10000,13,4,3.679823112889835e-11,(sqrt((sqrt((sqrt((1147/1296)) * sqrt((295/333)))) * sqrt((sqrt((4589/5184)) * sqrt((829/936)))))) * sqrt((sqrt((sqrt((1169/1320)) * sqrt((1891/2136)))) * sqrt((sqrt((215/243)) * sqrt((646/729))))))),29,80,287.086
node_sweep_d4_nodes15_beam5000,7,0,0.00011317848211012116,(48/77),1,80,73.503
node_sweep_d4_nodes15_beam5000,7,1,2.477057139405048e-07,(sqrt((18/29)) * sqrt((481/768))),5,80,73.503
node_sweep_d4_nodes15_beam5000,7,2,3.3488137152204445e-08,(sqrt((sqrt((217/351)) * sqrt((256/407)))) * sqrt((sqrt((32/51)) * sqrt((96/155))))),13,80,73.503
node_sweep_d4_nodes15_beam5000,7,3,3.3488137152204445e-08,(sqrt((sqrt((217/351)) * sqrt((256/407)))) * sqrt((sqrt((32/51)) * sqrt((96/155))))),13,80,73.503
node_sweep_d4_nodes15_beam5000,7,4,3.3488137152204445e-08,(sqrt((sqrt((217/351)) * sqrt((256/407)))) * sqrt((sqrt((32/51)) * sqrt((96/155))))),13,80,73.503
node_sweep_d4_nodes15_beam5000,11,0,1.6308438660073143e-05,(53/63),1,80,94.214
node_sweep_d4_nodes15_beam5000,11,1,7.1841600004507455e-06,(sqrt((243/290)) * sqrt((288/341))),5,80,94.214
node_sweep_d4_nodes15_beam5000,11,2,1.868219356992995e-08,(sqrt((sqrt((203/240)) * sqrt((405/484)))) * sqrt((sqrt((36/43)) * sqrt((71/84))))),13,80,94.214
node_sweep_d4_nodes15_beam5000,11,3,1.868219356992995e-08,(sqrt((sqrt((203/240)) * sqrt((405/484)))) * sqrt((sqrt((36/43)) * sqrt((71/84))))),13,80,94.214
node_sweep_d4_nodes15_beam5000,11,4,1.868219356992995e-08,(sqrt((sqrt((203/240)) * sqrt((405/484)))) * sqrt((sqrt((36/43)) * sqrt((71/84))))),13,80,94.214
node_sweep_d4_nodes15_beam5000,13,0,3.935898654328085e-05,(85/96),1,80,78.604
node_sweep_d4_nodes15_beam5000,13,1,1.8833553026009753e-06,(sqrt((117/133)) * sqrt((336/377))),5,80,78.604
node_sweep_d4_nodes15_beam5000,13,2,3.245207569335662e-08,(sqrt((sqrt((231/260)) * sqrt((847/960)))) * sqrt((sqrt((352/399)) * sqrt((8/9))))),13,80,78.604
node_sweep_d4_nodes15_beam5000,13,3,3.245207569335662e-08,(sqrt((sqrt((231/260)) * sqrt((847/960)))) * sqrt((sqrt((352/399)) * sqrt((8/9))))),13,80,78.604
node_sweep_d4_nodes15_beam5000,13,4,3.245207569335662e-08,(sqrt((sqrt((231/260)) * sqrt((847/960)))) * sqrt((sqrt((352/399)) * sqrt((8/9))))),13,80,78.604
node_sweep_d4_nodes20_beam5000,7,0,0.00011317848211012116,(48/77),1,80,94.553
node_sweep_d4_nodes20_beam5000,7,1,2.477057139405048e-07,(sqrt((18/29)) * sqrt((481/768))),5,80,94.553
node_sweep_d4_nodes20_beam5000,7,2,3.3488137152204445e-08,(sqrt((sqrt((217/351)) * sqrt((256/407)))) * sqrt((sqrt((32/51)) * sqrt((96/155))))),13,80,94.553
node_sweep_d4_nodes20_beam5000,7,3,3.3488137152204445e-08,(sqrt((sqrt((217/351)) * sqrt((256/407)))) * sqrt((sqrt((32/51)) * sqrt((96/155))))),13,80,94.553
node_sweep_d4_nodes20_beam5000,7,4,3.3488137152204445e-08,(sqrt((sqrt((217/351)) * sqrt((256/407)))) * sqrt((sqrt((32/51)) * sqrt((96/155))))),13,80,94.553
node_sweep_d4_nodes20_beam5000,11,0,1.6308438660073143e-05,(53/63),1,80,105.924
node_sweep_d4_nodes20_beam5000,11,1,7.1841600004507455e-06,(sqrt((243/290)) * sqrt((288/341))),5,80,105.924
node_sweep_d4_nodes20_beam5000,11,2,1.868219356992995e-08,(sqrt((sqrt((203/240)) * sqrt((405/484)))) * sqrt((sqrt((36/43)) * sqrt((71/84))))),13,80,105.924
node_sweep_d4_nodes20_beam5000,11,3,1.868219356992995e-08,(sqrt((sqrt((203/240)) * sqrt((405/484)))) * sqrt((sqrt((36/43)) * sqrt((71/84))))),13,80,105.924
node_sweep_d4_nodes20_beam5000,11,4,1.868219356992995e-08,(sqrt((sqrt((203/240)) * sqrt((405/484)))) * sqrt((sqrt((36/43)) * sqrt((71/84))))),13,80,105.924
node_sweep_d4_nodes20_beam5000,13,0,3.935898654328085e-05,(85/96),1,80,73.926
node_sweep_d4_nodes20_beam5000,13,1,1.8833553026009753e-06,(sqrt((117/133)) * sqrt((336/377))),5,80,73.926
node_sweep_d4_nodes20_beam5000,13,2,3.245207569335662e-08,(sqrt((sqrt((231/260)) * sqrt((847/960)))) * sqrt((sqrt((352/399)) * sqrt((8/9))))),13,80,73.926
node_sweep_d4_nodes20_beam5000,13,3,3.245207569335662e-08,(sqrt((sqrt((231/260)) * sqrt((847/960)))) * sqrt((sqrt((352/399)) * sqrt((8/9))))),13,80,73.926
node_sweep_d4_nodes20_beam5000,13,4,3.245207569335662e-08,(sqrt((sqrt((231/260)) * sqrt((847/960)))) * sqrt((sqrt((352/399)) * sqrt((8/9))))),13,80,73.926
node_sweep_d4_nodes25_beam5000,7,0,0.00011317848211012116,(48/77),1,80,103.33
node_sweep_d4_nodes25_beam5000,7,1,2.477057139405048e-07,(sqrt((18/29)) * sqrt((481/768))),5,80,103.33
node_sweep_d4_nodes25_beam5000,7,2,3.3488137152204445e-08,(sqrt((sqrt((217/351)) * sqrt((256/407)))) * sqrt((sqrt((32/51)) * sqrt((96/155))))),13,80,103.33
node_sweep_d4_nodes25_beam5000,7,3,3.3488137152204445e-08,(sqrt((sqrt((217/351)) * sqrt((256/407)))) * sqrt((sqrt((32/51)) * sqrt((96/155))))),13,80,103.33
node_sweep_d4_nodes25_beam5000,7,4,3.3488137152204445e-08,(sqrt((sqrt((217/351)) * sqrt((256/407)))) * sqrt((sqrt((32/51)) * sqrt((96/155))))),13,80,103.33
node_sweep_d4_nodes25_beam5000,11,0,1.6308438660073143e-05,(53/63),1,80,99.398
node_sweep_d4_nodes25_beam5000,11,1,7.1841600004507455e-06,(sqrt((243/290)) * sqrt((288/341))),5,80,99.398
node_sweep_d4_nodes25_beam5000,11,2,1.868219356992995e-08,(sqrt((sqrt((203/240)) * sqrt((405/484)))) * sqrt((sqrt((36/43)) * sqrt((71/84))))),13,80,99.398
node_sweep_d4_nodes25_beam5000,11,3,1.868219356992995e-08,(sqrt((sqrt((203/240)) * sqrt((405/484)))) * sqrt((sqrt((36/43)) * sqrt((71/84))))),13,80,99.398
node_sweep_d4_nodes25_beam5000,11,4,1.868219356992995e-08,(sqrt((sqrt((203/240)) * sqrt((405/484)))) * sqrt((sqrt((36/43)) * sqrt((71/84))))),13,80,99.398
node_sweep_d4_nodes25_beam5000,13,0,3.935898654328085e-05,(85/96),1,80,79.224
node_sweep_d4_nodes25_beam5000,13,1,1.8833553026009753e-06,(sqrt((117/133)) * sqrt((336/377))),5,80,79.224
node_sweep_d4_nodes25_beam5000,13,2,3.245207569335662e-08,(sqrt((sqrt((231/260)) * sqrt((847/960)))) * sqrt((sqrt((352/399)) * sqrt((8/9))))),13,80,79.224
node_sweep_d4_nodes25_beam5000,13,3,3.245207569335662e-08,(sqrt((sqrt((231/260)) * sqrt((847/960)))) * sqrt((sqrt((352/399)) * sqrt((8/9))))),13,80,79.224
node_sweep_d4_nodes25_beam5000,13,4,3.245207569335662e-08,(sqrt((sqrt((231/260)) * sqrt((847/960)))) * sqrt((sqrt((352/399)) * sqrt((8/9))))),13,80,79.224
node_sweep_d4_nodes30_beam5000,7,0,0.00011317848211012116,(48/77),1,80,99.965
node_sweep_d4_nodes30_beam5000,7,1,2.477057139405048e-07,(sqrt((18/29)) * sqrt((481/768))),5,80,99.965
node_sweep_d4_nodes30_beam5000,7,2,3.3488137152204445e-08,(sqrt((sqrt((217/351)) * sqrt((256/407)))) * sqrt((sqrt((32/51)) * sqrt((96/155))))),13,80,99.965
node_sweep_d4_nodes30_beam5000,7,3,2.661395548386736e-10,(sqrt((sqrt((sqrt((121/195)) * sqrt((203/324)))) * sqrt((sqrt((13/21)) * sqrt((27/43)))))) * sqrt((sqrt((sqrt((21/34)) * sqrt((90/143)))) * sqrt((sqrt((32/51)) * sqrt((57/92))))))),29,80,99.965
node_sweep_d4_nodes30_beam5000,7,4,2.661395548386736e-10,(sqrt((sqrt((sqrt((121/195)) * sqrt((203/324)))) * sqrt((sqrt((13/21)) * sqrt((27/43)))))) * sqrt((sqrt((sqrt((21/34)) * sqrt((90/143)))) * sqrt((sqrt((32/51)) * sqrt((57/92))))))),29,80,99.965
node_sweep_d4_nodes30_beam5000,11,0,1.6308438660073143e-05,(53/63),1,80,110.487
node_sweep_d4_nodes30_beam5000,11,1,7.1841600004507455e-06,(sqrt((243/290)) * sqrt((288/341))),5,80,110.487
node_sweep_d4_nodes30_beam5000,11,2,1.868219356992995e-08,(sqrt((sqrt((203/240)) * sqrt((405/484)))) * sqrt((sqrt((36/43)) * sqrt((71/84))))),13,80,110.487
node_sweep_d4_nodes30_beam5000,11,3,5.336825426027758e-10,(sqrt((sqrt((sqrt((11/13)) * sqrt((240/287)))) * sqrt((sqrt((31/37)) * sqrt((49/58)))))) * sqrt((sqrt((sqrt((312/371)) * sqrt((377/448)))) * sqrt((sqrt((38/45)) * sqrt((88/105))))))),29,80,110.487
node_sweep_d4_nodes30_beam5000,11,4,5.336825426027758e-10,(sqrt((sqrt((sqrt((11/13)) * sqrt((240/287)))) * sqrt((sqrt((31/37)) * sqrt((49/58)))))) * sqrt((sqrt((sqrt((312/371)) * sqrt((377/448)))) * sqrt((sqrt((38/45)) * sqrt((88/105))))))),29,80,110.487
node_sweep_d4_nodes30_beam5000,13,0,3.935898654328085e-05,(85/96),1,80,70.754
node_sweep_d4_nodes30_beam5000,13,1,1.8833553026009753e-06,(sqrt((117/133)) * sqrt((336/377))),5,80,70.754
node_sweep_d4_nodes30_beam5000,13,2,3.245207569335662e-08,(sqrt((sqrt((231/260)) * sqrt((847/960)))) * sqrt((sqrt((352/399)) * sqrt((8/9))))),13,80,70.754
node_sweep_d4_nodes30_beam5000,13,3,2.3389246095462113e-10,(sqrt((sqrt((sqrt((130/147)) * sqrt((180/203)))) * sqrt((sqrt((23/26)) * sqrt((288/325)))))) * sqrt((sqrt((sqrt((217/243)) * sqrt((36/41)))) * sqrt((sqrt((336/377)) * sqrt((95/108))))))),29,80,70.754
node_sweep_d4_nodes30_beam5000,13,4,2.3389246095462113e-10,(sqrt((sqrt((sqrt((130/147)) * sqrt((180/203)))) * sqrt((sqrt((23/26)) * sqrt((288/325)))))) * sqrt((sqrt((sqrt((217/243)) * sqrt((36/41)))) * sqrt((sqrt((336/377)) * sqrt((95/108))))))),29,80,70.754
node_sweep_d4_nodes35_beam5000,7,0,0.00011317848211012116,(48/77),1,80,194.27
node_sweep_d4_nodes35_beam5000,7,1,2.477057139405048e-07,(sqrt((18/29)) * sqrt((481/768))),5,80,194.27
node_sweep_d4_nodes35_beam5000,7,2,3.3488137152204445e-08,(sqrt((sqrt((217/351)) * sqrt((256/407)))) * sqrt((sqrt((32/51)) * sqrt((96/155))))),13,80,194.27
node_sweep_d4_nodes35_beam5000,7,3,2.661395548386736e-10,(sqrt((sqrt((sqrt((121/195)) * sqrt((203/324)))) * sqrt((sqrt((13/21)) * sqrt((27/43)))))) * sqrt((sqrt((sqrt((21/34)) * sqrt((90/143)))) * sqrt((sqrt((32/51)) * sqrt((57/92))))))),29,80,194.27
node_sweep_d4_nodes35_beam5000,7,4,2.661395548386736e-10,(sqrt((sqrt((sqrt((121/195)) * sqrt((203/324)))) * sqrt((sqrt((13/21)) * sqrt((27/43)))))) * sqrt((sqrt((sqrt((21/34)) * sqrt((90/143)))) * sqrt((sqrt((32/51)) * sqrt((57/92))))))),29,80,194.27
node_sweep_d4_nodes35_beam5000,11,0,1.6308438660073143e-05,(53/63),1,80,129.247
node_sweep_d4_nodes35_beam5000,11,1,7.1841600004507455e-06,(sqrt((243/290)) * sqrt((288/341))),5,80,129.247
node_sweep_d4_nodes35_beam5000,11,2,1.868219356992995e-08,(sqrt((sqrt((203/240)) * sqrt((405/484)))) * sqrt((sqrt((36/43)) * sqrt((71/84))))),13,80,129.247
node_sweep_d4_nodes35_beam5000,11,3,5.336825426027758e-10,(sqrt((sqrt((sqrt((11/13)) * sqrt((240/287)))) * sqrt((sqrt((31/37)) * sqrt((49/58)))))) * sqrt((sqrt((sqrt((312/371)) * sqrt((377/448)))) * sqrt((sqrt((38/45)) * sqrt((88/105))))))),29,80,129.247
node_sweep_d4_nodes35_beam5000,11,4,5.336825426027758e-10,(sqrt((sqrt((sqrt((11/13)) * sqrt((240/287)))) * sqrt((sqrt((31/37)) * sqrt((49/58)))))) * sqrt((sqrt((sqrt((312/371)) * sqrt((377/448)))) * sqrt((sqrt((38/45)) * sqrt((88/105))))))),29,80,129.247
node_sweep_d4_nodes35_beam5000,13,0,3.935898654328085e-05,(85/96),1,80,126.414
node_sweep_d4_nodes35_beam5000,13,1,1.8833553026009753e-06,(sqrt((117/133)) * sqrt((336/377))),5,80,126.414
node_sweep_d4_nodes35_beam5000,13,2,3.245207569335662e-08,(sqrt((sqrt((231/260)) * sqrt((847/960)))) * sqrt((sqrt((352/399)) * sqrt((8/9))))),13,80,126.414
node_sweep_d4_nodes35_beam5000,13,3,2.3389246095462113e-10,(sqrt((sqrt((sqrt((130/147)) * sqrt((180/203)))) * sqrt((sqrt((23/26)) * sqrt((288/325)))))) * sqrt((sqrt((sqrt((217/243)) * sqrt((36/41)))) * sqrt((sqrt((336/377)) * sqrt((95/108))))))),29,80,126.414
node_sweep_d4_nodes35_beam5000,13,4,2.3389246095462113e-10,(sqrt((sqrt((sqrt((130/147)) * sqrt((180/203)))) * sqrt((sqrt((23/26)) * sqrt((288/325)))))) * sqrt((sqrt((sqrt((217/243)) * sqrt((36/41)))) * sqrt((sqrt((336/377)) * sqrt((95/108))))))),29,80,126.414
